﻿<?xml version="1.0" encoding="UTF-8"?>
<functions>
	<menu>
		<systemmenu>
			<item>
				<name>红线管理</name>
				<key>RedLineManager</key>
				<url></url>
				<mutex>true</mutex>
				<init>true</init>
				<selected>true</selected>
				<subitems>
					<subitem>
						<name>用水总量红线</name>
						<key>YSZLHX</key>
						<url>sm/wegis/slw/widgets/redlinemanager/TotalWaterControlWidget.swf
						</url>
						<mutex>true</mutex>
					</subitem>
					<subitem>
						<name>限制纳污红线</name>
						<key>XZNWHX</key>
						<url>sm/wegis/slw/widgets/redlinemanager/LimitPollutantWidget.swf
						</url>
						<init>true</init>
						<selected>true</selected>
						<mutex>true</mutex>
					</subitem>
					<subitem>
						<name>用水效率红线</name>
						<key>YSXLHX</key>
						<url>sm/wegis/slw/widgets/redlinemanager/WaterUseEfficiencyWidget.swf
						</url>
						<mutex>true</mutex>
					</subitem>
				</subitems>
			</item>
			<item>
				<name>监测信息</name>
				<key>MonitorInfo</key>
				<url></url>
				<mutex>true</mutex>
				<init></init>
				<selected></selected>
				<subitems>
					<subitem>
						<name>水量监测</name>
						<key>SLJC</key>
						<url></url>
						<mutex>true</mutex>
					</subitem>
					<subitem>
						<name>水质监测</name>
						<key>SZJC</key>
						<url></url>
						<mutex>true</mutex>
					</subitem>
					<subitem>
						<name>用水效率监测</name>
						<key>YSXLJC</key>
						<url></url>
						<mutex>true</mutex>
					</subitem>
				</subitems>
			</item>
			<item>
				<name>基础信息</name>
				<key>BaseInfo</key>
				<url></url>
				<mutex>true</mutex>
				<init></init>
				<selected></selected>
				<subitems>
					<subitem>
						<name>基础信息服务</name>
						<key>JCXXFW</key>
						<url></url>
						<mutex>true</mutex>
					</subitem>
				</subitems>
			</item>
			<item>
				<name>综合信息</name>
				<key>MultipleInfo</key>
				<url></url>
				<mutex>true</mutex>
				<init></init>
				<selected></selected>
				<subitems>
					<subitem>
						<name>调查评价</name>
						<key>DCPJ</key>
						<url></url>
						<mutex>true</mutex>
					</subitem>
					<subitem>
						<name>开发利用</name>
						<key>KFLY</key>
						<url></url>
						<mutex>true</mutex>
					</subitem>
					<subitem>
						<name>公报信息</name>
						<key>GBXX</key>
						<url></url>
						<mutex>true</mutex>
					</subitem>
					<subitem>
						<name>规划信息</name>
						<key>GHXX</key>
						<url></url>
						<mutex>true</mutex>
					</subitem>
					<subitem>
						<name>统计信息</name>
						<key>TJXX</key>
						<url></url>
						<mutex>true</mutex>
					</subitem>
					<subitem>
						<name>应急信息</name>
						<key>YJXX</key>
						<url></url>
						<mutex>true</mutex>
					</subitem>
					<subitem>
						<name>资料信息</name>
						<key>ZLXX</key>
						<url></url>
						<mutex>true</mutex>
					</subitem>
				</subitems>
			</item>
			<item>
				<name>信息发布</name>
				<key>InfoPublish</key>
				<url></url>
				<mutex>true</mutex>
				<init></init>
				<selected></selected>
				<subitems>
					<subitem>
						<name>信息发布管理</name>
						<key>XXFBFW</key>
						<url></url>
						<mutex>true</mutex>
					</subitem>
				</subitems>
			</item>
			<item>
				<name>系统管理</name>
				<key>SystemManager</key>
				<url></url>
				<mutex>true</mutex>
				<init></init>
				<selected></selected>
				<subitems>
					<subitem>
						<name>系统管理</name>
						<key>XTGL</key>
						<url></url>
						<mutex>true</mutex>
					</subitem>
				</subitems>
			</item>
		</systemmenu>
	</menu>
</functions>