<?xml version="1.0" encoding="UTF-8"?>
<project name="project" default="default">
	<description>
		Extracts all the class paths from a Spring Actionscript
		configuration file and
		dumps them in a config file that can be added
		with a compiler switch
		(i.e. -load-config+=custom.config)
	</description>
	
	<target name="config">
		<root>
			<!-- 系统样式文件 -->
			<themeUrl url="maincss.swf" />
			<!-- 图片资源库文件 -->
			<pluginUrl url="sm/wegis/szy/plugins/SystemIconFile.swf" nameSpace="sm.wegis.szy.plugins.SystemIconFile" />
			<!-- springContext.xml -->
			<springContextUrl url="config/szy_context.xml"/>
		</root>
	</target>
	
	<target name="default" description="description">
		<xslt in="szy_context.xml" out="szy.config" style="xslt/szyconfig.xsl"
			reloadstylesheet="false">
		</xslt>
	</target>
</project>


